FIELDID,Latitude,Longitude,STONEFLIES PRESENT?,ST23,ST22,ST21,ST20,ST19,ST18,ST17,ST16,ST15,ST14,ST13,ST12,ST10,ST08,ST07,ST06,ST05,ST04,ST03,ST02
Bell2,42.4151185,-83.429007,N,N,N,N,,N,N,N,N,N,N,N,N,N,,,,,N,,
Fel1,42.35729,-83.53988,Y,N,N,N,N,N,N,N,N,,,N,N,N,N,Y,N,,Y,N,Y
MR-14,42.3601432,-83.4763746,N,N,N,,,,,,,,,N,,N,,,,,,,
MR-17,42.370466,-83.437574,N,,,,,,,,,,,,,N,,,,,,,
MR-2a,42.4089,-83.4704,Y,,,,N,N,N,Y,N,N,,N,N,N,N,,,,,,
Ton1,42.36701,-83.49895,Y,N,N,N,N,N,N,Y,N,N,,N,N,N,N,N,N,Y,Y,,
Ton1/2,42.3642907,-83.489154,Y,N,,N,N,N,N,N,N,N,N,N,N,N,N,N,Y,Y,,,
Ton2,42.35809,-83.46507,Y,,,,,,,,,,N,N,,N,N,N,,,N,N,Y
Up2,42.4632161,-83.3682334,Y,,N,Y,,N,N,,N,N,N,N,N,N,N,N,N,N,N,Y,N
Fel2,42.31932,-83.5246,Y,N,,N,N,N,N,N,N,N,,N,Y,Y,Y,Y,N,,,,
Fel4,42.31346,-83.46471,Y,N,N,,N,,,,N,N,N,N,Y,Y,,,,N,,,
Fowl1,42.30423,-83.60516,Y,Y,,Y,Y,Y,Y,Y,Y,N,Y,Y,Y,Y,Y,Y,Y,,Y,Y,Y
Fowl2,42.28226,-83.50515,Y,N,N,N,,N,N,,Y,N,N,N,N,Y,N,N,,Y,,,
John1,42.3897,-83.58194,Y,Y,Y,N,Y,Y,Y,Y,Y,,Y,Y,Y,Y,Y,Y,Y,,Y,Y,Y
John2,42.3938201,-83.5342002,Y,N,Y,N,N,Y,Y,Y,N,,Y,Y,Y,Y,Y,Y,Y,,Y,N,Y
John3,42.40844,-83.51693,Y,Y,Y,Y,N,Y,Y,Y,N,Y,Y,Y,Y,Y,Y,Y,,,Y,Y,Y
John5,42.4224,-83.49289,Y,,N,,,Y,N,,N,Y,Y,Y,N,Y,Y,Y,Y,,Y,Y,Y
John6,42.42546,-83.48138,Y,N,N,N,,N,N,,N,N,N,N,Y,Y,Y,Y,Y,Y,,,Y
John7,42.3985716,-83.5279588,Y,Y,Y,Y,N,Y,Y,Y,Y,Y,Y,Y,Y,Y,Y,Y,,,,,
Low2,42.30724,-83.53793,Y,N,,,Y,N,N,N,N,,,N,N,Y,N,Y,Y,Y,,,
LR-8,42.295976,-83.541846,Y,Y,Y,,,,N,Y,N,,Y,N,Y,Y,,,,,,,
LR-9,42.3370903,-83.5085406,Y,Y,Y,,Y,,,Y,Y,N,N,Y,Y,Y,,,,,,,
Mid1,42.42177,-83.47546,Y,,,N,,N,N,,N,N,N,,,Y,N,N,,Y,,Y,
MN-1,42.438056,-83.274722,Y,,,,,,,,,,,N,N,Y,,,,,,,
MR-1,42.42487,-83.47712,Y,,N,,,N,N,N,N,N,N,N,N,Y,N,,,,,,
MR-18,42.390248,-83.466365,Y,,N,Y,,N,N,N,N,N,N,,,Y,,,,,,,
MR-2,42.408,-83.47076,Y,,N,N,,N,Y,,N,,Y,,N,Y,Y,Y,,N,,,
MR-20,42.411952,-83.471703,Y,N,N,,N,N,Y,,N,N,N,N,N,Y,,,,,,,
Up1,42.47526,-83.3854501,Y,,Y,N,,Y,Y,,N,N,,N,N,Y,N,N,N,Y,,,
Bell1,42.42924,-83.39666,N,N,,,,,,,,,,,,,,,,,N,N,
Bish1,42.482378,-83.460553,N,,,,,,,,,,,,,,,,,,N,N,N
Frank1,42.53024,-83.30585,N,,,,,,,,,,,,,,,,,,N,N,N
Frank2,42.529325,-83.325381,N,,,,,,,,,,,,,,,,,,,,
Ing1,42.46293,-83.44552,N,,,,,,,,,,,,,,,,N,N,,,
LR-2,42.281962,-83.503009,N,,N,,,,,,,,,N,,,N,,,,,,
LR-3,42.284848,-83.381855,N,,,,,,N,,N,N,N,N,,,N,,,,,,
Main1,42.60991,-83.17984,N,,,,,,,,,,,,,,,,N,N,,,
Main11,42.554445,-83.226312,,,,,,,,,,,,,,,,,,,,,
Main3,42.5487974,-83.2177051,,,,,,,,,,,,,,,,,,,,,
Main4,42.5424121,-83.2251341,N,,,,,,,,,,,,,,,,,,N,N,N
Main5,42.52219,-83.24692,,,,,,,,,,,,,,,,,,,,,
Main6,42.47882,-83.284548,N,,,,,,,,,N,,,,,,,,,N,N,N
Main7,42.472849,-83.289147,N,,,,,,,,,N,,N,,,,,,,,,
Mid5,42.339356,-83.264421,,,,,,,,,,,,,,,,,,,,,
Min1,42.51274,-83.38905,N,,N,,,,,,,,,,,,,,,,N,,
Min2,42.493065,-83.37734,N,,,,,,,,,,,,,,,,,,,,
MR-10,42.347097,-83.27895,,,,,,,,,,,,,,,,,,,,,
MR-19,42.351831,-83.462729,,,,,,,,,,,,,,,,,,,,,
MR-3,42.37402,-83.45532,N,,,,,,N,N,N,,,,,,N,N,,N,,,
MR-4,42.36445,-83.40406,,,,,,,,,,,,,,,,,,,,,
MR-5,42.34447,-83.36118,,,,,,,,,,,,,,,,,,,,,
MR-6,42.34132,-83.33765,,,,,,,,,,,,,,,,,,,,,
MR-7,42.34286,-83.32853,,,,,,,,,,,,,,,,,,,,,
MR-8,42.34893,-83.31455,,,,,,,,,,,,,,,,,,,,,
MR-9,42.34732,-83.29135,,,,,,,,,,,,,,,,,,,,,
Nott,42.51149,-83.26463,N,,,,,,,,,,,,,,,,,N,,,
Nton,42.37312,-83.47572,N,,N,,,,,,,,,,,,,N,,,,,
Peb1,42.50133,-83.32912,N,N,,,,,,,,,,,,,,,,,N,N,N
Peb2,42.51521,-83.34402,N,N,,,,,,,,,,,,,,,,N,,,
See2,42.48927,-83.40099,N,,,,,,,,,,N,,,,,,N,,N,,
See3,42.51073,-83.4304,N,,,N,,,,,,,,,,,,,,,,,
Sprag,42.6159714,-83.1920726,N,,,,,,,,,,,,,,,,N,N,,,
Tar1,42.447798,-83.386233,,,,,,,,,,,,,,,,,,,,,
Tar2,42.441084,-83.38423,N,,,,,,,,,,,,,,,,,,N,N,
UR-1,42.4111,-83.3029,N,,,,,N,N,,N,N,,N,N,,,,,,,,
UR-3,42.426303,-83.362972,N,,,,N,,,,,,,,,,,,,,,,
Wall1,42.44957,-83.46525,N,,,,,,,,,,,,,,,,,N,,,N
Wall2,42.46732,-83.46623,N,,,,,,,,,,,,,,,,,,N,N,N
Wall3,42.49486,-83.49575,N,N,,,,,,,,,,,,,,,,,,,N
Will1,42.33002,-83.46422,N,,,,N,,,,,,,,,,,,,N,N,,
John8,42.42148,-83.54396,Y,Y,,Y,Y,Y,Y,Y,Y,Y,N,Y,Y,,,,,,,,
MR-23,42.432475,-83.520006,Y,Y,,,N,Y,Y,N,Y,N,N,Y,Y,,,,,,,,
MN-5,42.443614,-83.284906,N,,,,,N,N,N,N,,,,,,,,,,,,
Main8,42.29352,-83.14873,,,,,,,,,,,,,,,,,,,,,
LR-10,42.298506,-83.305839,N,,,,,,,,,N,N,N,N,,,,,,,,
LR-11,42.309888,-83.24854,,,,,,,,,,,,,,,,,,,,,
LR-5,42.300561,-83.4374797,N,,,,,,,,,N,,,,,,,,,,,
LR-6,42.285,-83.383888,N,,,,,,,,,,N,N,N,,,,,,,,
MR-22,42.43033,-83.544423,Y,Y,Y,Y,Y,Y,Y,Y,Y,,N,N,Y,,,,,,,,
UR-2,42.401803,-83.310759,,,,,,,,,,,,,,,,,,,,,
UR-4,42.400014,-83.286158,,,,,,,,,,,,,,,,,,,,,
LR-7,42.2484,-83.4248,,,,,,,,,,,,,,,,,,,,,
MN-4,42.3378683,-83.2496084,,,,,,,,,,,,,,,,,,,,,
Peb3,42.500849,-83.324474,,,,,,,,,,,,,,,,,,,,,
Bish2,42.47131,-83.45151,N,N,,,,,,,,,,,,,,,,,,,
MR-24,42.3640761,-83.4643914,,N,N,,,,,,,,,,,,,,,,,,
MR-12,42.33975,-83.34093,,,,,,,,,,,,,,,,,,,,,
MR-13,42.34432,-83.26865,,,,,,,,,,,,,,,,,,,,,
MR-15,42.3306,-83.2483,,,,,,,,,,,,,,,,,,,,,
Wall0,42.43673,-83.47369,,,,,,,,,,,,,,,,,,,,,
Main4.5,42.53718,-83.22861,,,,,,,,,,,,,,,,,,,,,
MN-2,42.399722,-83.271389,,,,,,,,,,,,,,,,,,,,,
MR-25,42.43058,-83.5135,Y,,Y,,Y,Y,Y,Y,Y,Y,Y,Y,Y,,,,,,,,
LR-12,42.282317,-83.466103,N,,,,,N,N,,N,N,,N,N,,,,,,,,
Main10,42.312949,-83.232347,,,,,,,,,,,,,,,,,,,,,
Fel5,42.335263,-83.539831,Y,N,N,N,Y,Y,N,Y,N,N,Y,,,,,,,,,,
Low3,42.3227,-83.565967,Y,,,,Y,,,,,,,,,,,,,,,,
Low4,42.2866039,-83.4756605,N,,N,N,,,,,,N,N,,,,,,,,,,
LR-1,42.280425,-83.42027,,,,,,,,,,,,,,,,,,,,,
Bell3,42.41015,-83.39285,N,N,,,,,,,,,,,,,,,,,,,
Min3,42.500565,-83.37127,,,,,,,,,,,,,,,,,,,,,
Fel6,42.328188,-83.532192,Y,Y,,Y,Y,Y,Y,Y,N,Y,Y,,,,,,,,,,
Low5,42.282389,-83.437141,,,,,,,,,,,,,,,,,,,,,
Wall4,42.43354,-83.48056,N,,,,,,,,,,N,,,,,,,,,,
MR-26,42.434306,-83.550725,Y,,,,Y,N,N,N,N,N,N,,,,,,,,,,
MR-27,42.41672,-83.531253,Y,Y,Y,Y,Y,Y,Y,Y,Y,N,,,,,,,,,,,
Low8,42.285374,-83.388726,,,,,,,,,,,,,,,,,,,,,
Evan1,42.504517,-83.2333884,,,,,,,,,,,,,,,,,,,,,
Evan2,42.472955,-83.247905,N,,,,,,,,,N,,,,,,,,,,,
Min4,42.526938,-83.421444,Y,Y,Y,Y,Y,,,,,,,,,,,,,,,,
See4,42.516904,-83.436534,N,N,,,N,,,,,,,,,,,,,,,,
Evan3,42.459278,-83.268639,,,,,,,,,,,,,,,,,,,,,
Mur2,42.59375,-83.25174,,,,,,,,,,,,,,,,,,,,,
